cell_id,year,label
1,2025,informal
6,2025,sparse_low_development
7,2025,sparse_low_development
8,2025,sparse_low_development
9,2025,open_vegetated
10,2025,open_vegetated
11,2025,open_vegetated
12,2025,sparse_low_development
13,2025,informal
14,2025,informal
15,2025,informal
16,2025,sparse_low_development
17,2025,sparse_low_development
19,2025,open_vegetated
20,2025,sparse_low_development
23,2025,sparse_low_development
29,2025,informal
30,2025,informal
33,2025,sparse_low_development
35,2025,sparse_low_development
36,2025,sparse_low_development
38,2025,sparse_low_development
39,2025,informal
40,2025,informal
41,2025,sparse_low_development
42,2025,sparse_low_development
44,2025,open_vegetated
45,2025,open_vegetated
46,2025,open_vegetated
47,2025,sparse_low_development
48,2025,informal
49,2025,informal
50,2025,sparse_low_development
51,2025,sparse_low_development
52,2025,open_vegetated
53,2025,open_vegetated
54,2025,sparse_low_development
55,2025,sparse_low_development
56,2025,sparse_low_development
58,2025,sparse_low_development
59,2025,open_vegetated
67,2025,sparse_low_development
68,2025,sparse_low_development
70,2025,sparse_low_development
73,2025,sparse_low_development
74,2025,informal
75,2025,informal
77,2025,informal
78,2025,sparse_low_development
80,2025,open_vegetated
81,2025,sparse_low_development
82,2025,open_vegetated
83,2025,informal
84,2025,informal
86,2025,sparse_low_development
88,2025,open_vegetated
99,2025,sparse_low_development
100,2025,open_vegetated
101,2025,sparse_low_development
102,2025,sparse_low_development
103,2025,sparse_low_development
105,2025,open_vegetated
108,2025,sparse_low_development
109,2025,informal
110,2025,informal
112,2025,informal
113,2025,sparse_low_development
114,2025,open_vegetated
116,2025,open_vegetated
117,2025,open_vegetated
120,2025,informal
121,2025,sparse_low_development
122,2025,open_vegetated
125,2025,informal
126,2025,open_vegetated
127,2025,sparse_low_development
128,2025,sparse_low_development
133,2025,sparse_low_development
134,2025,sparse_low_development
135,2025,open_vegetated
136,2025,open_vegetated
137,2025,sparse_low_development
138,2025,sparse_low_development
139,2025,sparse_low_development
140,2025,sparse_low_development
141,2025,sparse_low_development
142,2025,sparse_low_development
143,2025,informal
144,2025,informal
145,2025,informal
146,2025,informal
147,2025,informal
148,2025,sparse_low_development
149,2025,sparse_low_development
150,2025,sparse_low_development
151,2025,sparse_low_development
152,2025,sparse_low_development
153,2025,sparse_low_development
154,2025,sparse_low_development
155,2025,informal
156,2025,informal
157,2025,sparse_low_development
158,2025,sparse_low_development
160,2025,sparse_low_development
161,2025,sparse_low_development
162,2025,sparse_low_development
164,2025,sparse_low_development
165,2025,sparse_low_development
166,2025,sparse_low_development
167,2025,sparse_low_development
168,2025,sparse_low_development
169,2025,sparse_low_development
170,2025,sparse_low_development
171,2025,sparse_low_development
172,2025,sparse_low_development
173,2025,sparse_low_development
174,2025,sparse_low_development
178,2025,sparse_low_development
181,2025,informal
182,2025,informal
183,2025,informal
184,2025,open_vegetated
185,2025,open_vegetated
186,2025,open_vegetated
187,2025,open_vegetated
188,2025,sparse_low_development
189,2025,open_vegetated
190,2025,sparse_low_development
191,2025,sparse_low_development
193,2025,sparse_low_development
195,2025,open_vegetated
201,2025,sparse_low_development
204,2025,sparse_low_development
205,2025,sparse_low_development
206,2025,open_vegetated
207,2025,sparse_low_development
208,2025,sparse_low_development
213,2025,sparse_low_development
217,2025,informal
218,2025,informal
219,2025,open_vegetated
220,2025,open_vegetated
221,2025,open_vegetated
222,2025,sparse_low_development
223,2025,sparse_low_development
224,2025,open_vegetated
226,2025,sparse_low_development
227,2025,sparse_low_development
228,2025,sparse_low_development
229,2025,sparse_low_development
231,2025,sparse_low_development
232,2025,sparse_low_development
235,2025,sparse_low_development
239,2025,sparse_low_development
240,2025,sparse_low_development
242,2025,sparse_low_development
243,2025,sparse_low_development
244,2025,sparse_low_development
248,2025,sparse_low_development
249,2025,informal
251,2025,informal
252,2025,informal
253,2025,informal
255,2025,open_vegetated
256,2025,open_vegetated
257,2025,sparse_low_development
258,2025,sparse_low_development
259,2025,sparse_low_development
261,2025,sparse_low_development
271,2025,sparse_low_development
275,2025,sparse_low_development
278,2025,sparse_low_development
279,2025,sparse_low_development
283,2025,sparse_low_development
284,2025,informal
285,2025,informal
286,2025,informal
289,2025,open_vegetated
290,2025,open_vegetated
291,2025,open_vegetated
292,2025,sparse_low_development
293,2025,sparse_low_development
314,2025,open_vegetated
320,2025,informal
325,2025,open_vegetated
326,2025,open_vegetated
327,2025,sparse_low_development
360,2025,sparse_low_development
361,2025,open_vegetated
362,2025,open_vegetated
363,2025,sparse_low_development
365,2025,sparse_low_development
379,2025,informal
385,2025,open_vegetated
394,2025,sparse_low_development
395,2025,open_vegetated
396,2025,open_vegetated
397,2025,open_vegetated
398,2025,sparse_low_development
401,2025,informal
427,2025,informal
429,2025,sparse_low_development
431,2025,open_vegetated
432,2025,open_vegetated
433,2025,sparse_low_development
436,2025,informal
463,2025,informal
466,2025,sparse_low_development
468,2025,open_vegetated
469,2025,sparse_low_development
472,2025,informal
491,2025,sparse_low_development
496,2025,informal
499,2025,informal
500,2025,informal
501,2025,informal
502,2025,sparse_low_development
503,2025,sparse_low_development
504,2025,sparse_low_development
505,2025,sparse_low_development
506,2025,sparse_low_development
507,2025,sparse_low_development
508,2025,informal
527,2025,open_vegetated
534,2025,informal
535,2025,informal
536,2025,informal
537,2025,informal
539,2025,sparse_low_development
540,2025,sparse_low_development
541,2025,sparse_low_development
544,2025,informal
570,2025,informal
574,2025,sparse_low_development
577,2025,sparse_low_development
579,2025,sparse_low_development
580,2025,informal
603,2025,sparse_low_development
604,2025,informal
611,2025,open_vegetated
613,2025,sparse_low_development
614,2025,sparse_low_development
616,2025,informal
635,2025,informal
636,2025,informal
637,2025,informal
638,2025,informal
647,2025,open_vegetated
649,2025,sparse_low_development
650,2025,sparse_low_development
651,2025,open_vegetated
652,2025,informal
683,2025,open_vegetated
684,2025,sparse_low_development
685,2025,sparse_low_development
687,2025,sparse_low_development
688,2025,informal
723,2025,sparse_low_development
757,2025,sparse_low_development
759,2025,open_vegetated
793,2025,sparse_low_development
794,2025,sparse_low_development
795,2025,open_vegetated
815,2025,sparse_low_development
829,2025,sparse_low_development
830,2025,sparse_low_development
831,2025,open_vegetated
850,2025,sparse_low_development
851,2025,sparse_low_development
863,2025,sparse_low_development
864,2025,sparse_low_development
865,2025,sparse_low_development
866,2025,sparse_low_development
867,2025,sparse_low_development
868,2025,sparse_low_development
885,2025,sparse_low_development
886,2025,sparse_low_development
891,2025,sparse_low_development
900,2025,open_vegetated
901,2025,sparse_low_development
902,2025,open_vegetated
903,2025,open_vegetated
912,2025,open_vegetated
917,2025,sparse_low_development
920,2025,open_vegetated
921,2025,sparse_low_development
922,2025,sparse_low_development
923,2025,sparse_low_development
929,2025,sparse_low_development
936,2025,open_vegetated
937,2025,sparse_low_development
939,2025,open_vegetated
948,2025,open_vegetated
949,2025,open_vegetated
955,2025,sparse_low_development
957,2025,sparse_low_development
959,2025,sparse_low_development
960,2025,sparse_low_development
963,2025,sparse_low_development
972,2025,sparse_low_development
973,2025,sparse_low_development
974,2025,sparse_low_development
975,2025,sparse_low_development
978,2025,informal
984,2025,open_vegetated
985,2025,sparse_low_development
990,2025,sparse_low_development
993,2025,sparse_low_development
994,2025,sparse_low_development
995,2025,open_vegetated
996,2025,sparse_low_development
998,2025,sparse_low_development
1008,2025,sparse_low_development
1009,2025,sparse_low_development
1010,2025,sparse_low_development
1022,2025,sparse_low_development
1023,2025,sparse_low_development
1029,2025,sparse_low_development
1030,2025,open_vegetated
1031,2025,sparse_low_development
1032,2025,open_vegetated
1044,2025,sparse_low_development
1045,2025,sparse_low_development
1046,2025,sparse_low_development
1064,2025,sparse_low_development
1066,2025,sparse_low_development
1067,2025,sparse_low_development
1081,2025,sparse_low_development
1096,2025,open_vegetated
1097,2025,open_vegetated
1101,2025,sparse_low_development
1102,2025,open_vegetated
1122,2025,sparse_low_development
1125,2025,sparse_low_development
1126,2025,sparse_low_development
1127,2025,sparse_low_development
1129,2025,open_vegetated
1137,2025,sparse_low_development
1138,2025,sparse_low_development
1143,2025,sparse_low_development
1146,2025,open_vegetated
1147,2025,open_vegetated
1153,2025,sparse_low_development
1162,2025,sparse_low_development
1163,2025,sparse_low_development
1169,2025,sparse_low_development
1170,2025,sparse_low_development
1171,2025,sparse_low_development
1173,2025,sparse_low_development
1179,2025,sparse_low_development
1180,2025,open_vegetated
1189,2025,sparse_low_development
1192,2025,sparse_low_development
1198,2025,sparse_low_development
1199,2025,sparse_low_development
1207,2025,sparse_low_development
1209,2025,sparse_low_development
1210,2025,sparse_low_development
1211,2025,open_vegetated
1215,2025,sparse_low_development
1216,2025,sparse_low_development
1218,2025,open_vegetated
1225,2025,sparse_low_development
1226,2025,sparse_low_development
1233,2025,sparse_low_development
1234,2025,sparse_low_development
1235,2025,sparse_low_development
1236,2025,sparse_low_development
1237,2025,open_vegetated
1243,2025,sparse_low_development
1245,2025,sparse_low_development
